metric,value
MAE,36.551888464767735
RMSE,60.25206031878127
