metric,value
MAE,32.430171903625414
RMSE,53.192517572431775
