metric,value
MAE,39.792060952202625
RMSE,61.97931177034387
