metric,value
MAE,34.936700797188536
RMSE,62.39361690619407
